headlines,date,section
Extending Xi rule 'would be a farce',27 February 2018,China
China crackdown: Who might be next?,27 February 2018,Business
Is Chinese an official Pakistani language?,28 February 2018,Asia
'China's Netflix' plans US stock listing,28 February 2018,Business
Why China is censoring Winnie the Pooh again,26 February 2018,China
Lift peeing video ignites fury in China,26 February 2018,China
China moves to let Xi extend rule,25 February 2018,Business
Germany 'watchful' of China Daimler deal,26 February 2018,Technology
Huawei: US scared we are too competitive,27 February 2018,China
China's #holdmumshand campaign,23 February 2018,Business
Hangzhou and the Alibaba effect,20 February 2018,China
Are these the world's worst burglars?,15 February 2018,Asia
Anthony Wong: Looking for the father who left us,28 February 2018,China
The snooker queen on top of the world,26 February 2018,China
Why strippers attend funerals in China,24 February 2018,Asia
Who owns 'lucky money' in red envelopes?,22 February 2018,China
China's power play on Xi future,25 February 2018,China
Tiny artwork captures disappearing Hong Kong,18 February 2018,Technology
Huawei: US scared we are too competitive,27 February 2018,China
China's #holdmumshand campaign,23 February 2018,Business
Hangzhou and the Alibaba effect,20 February 2018,China
